<?xml version="1.0" encoding="utf-8"?>
<form>
	<fields name="ckmaximenuwizard">
		<fieldset name="ckmaximenuwizard_menujoomlaoptions" addfieldpath="/administrator/components/com_maximenuck/elements">
			<field
				name="menutype"
				type="menu"
				label="MOD_MAXIMENUCK_FIELD_MENUTYPE_LABEL"
				description="MOD_MAXIMENUCK_FIELD_MENUTYPE_DESC"
				icon="text_list_numbers.png" 
				class="ckmaximenuwizard_inputbox" />
			<field
				name="base"
				type="menuitem"
				label="MOD_MAXIMENUCK_FIELD_ACTIVE_LABEL"
				description="MOD_MAXIMENUCK_FIELD_ACTIVE_DESC"
				icon="house.png"
				class="ckmaximenuwizard_inputbox"
				>
				<option value="">JCURRENT</option>
			</field>
			<field
				name="startLevel"
				type="list"
				default="1"
				label="MOD_MAXIMENUCK_FIELD_STARTLEVEL_LABEL"
				description="MOD_MAXIMENUCK_FIELD_STARTLEVEL_DESC"
				icon="chart_organisation_add.png"
				class="ckmaximenuwizard_inputbox"
			>
				<option value="1">J1</option>
				<option value="2">J2</option>
				<option value="3">J3</option>
				<option value="4">J4</option>
				<option value="5">J5</option>
				<option value="6">J6</option>
				<option value="7">J7</option>
				<option value="8">J8</option>
				<option value="9">J9</option>
				<option value="10">J10</option>
			</field>
			<field
				name="endLevel"
				type="list"
				default="0"
				label="MOD_MAXIMENUCK_FIELD_ENDLEVEL_LABEL"
				description="MOD_MAXIMENUCK_FIELD_ENDLEVEL_DESC"
				icon="chart_organisation_delete.png"
				class="ckmaximenuwizard_inputbox"
			>
				<option value="0">JALL</option>
				<option value="1">J1</option>
				<option value="2">J2</option>
				<option value="3">J3</option>
				<option value="4">J4</option>
				<option value="5">J5</option>
				<option value="6">J6</option>
				<option value="7">J7</option>
				<option value="8">J8</option>
				<option value="9">J9</option>
				<option value="10">J10</option>
			</field>
			<field
				name="dependantitems"
				type="list"
				class="ckmaximenuwizard_inputbox"
				default="1"
				label="MOD_MAXIMENUCK_DEPENDANT_LABEL"
				description="MOD_MAXIMENUCK_DEPENDANT_DESC"
				icon="chart_organisation.png" >
				<option value="0">JNO</option>
				<option value="1">JYES</option>
			</field>
		</fieldset>
		<fieldset name="ckmaximenuwizard_menuk2options">
			<field
				name="usek2images"
				type="list"
				default="0"
				label="MOD_MAXIMENUCK_USEK2IMAGES_LABEL"
				description="MOD_MAXIMENUCK_USEK2IMAGES_DESC"
				icon="images.png"
				class="ckmaximenuwizard_inputbox">
				<option value="0">JNO</option>
				<option value="1">JYES</option>
			</field>

			<field
				name="usek2suffix"
				type="list"
				default="0"
				label="MOD_MAXIMENUCK_USEK2SUFFIX_LABEL"
				description="MOD_MAXIMENUCK_USEK2SUFFIX_DESC"
				class="ckmaximenuwizard_inputbox">
				<option value="0">JNO</option>
				<option value="1">JYES</option>
			</field>

			<field
				name="k2imagesuffix"
				type="text"
				default="_mini"
				label="MOD_MAXIMENUCK_K2IMAGESUFFIX_LABEL"
				description="MOD_MAXIMENUCK_K2IMAGESUFFIX_DESC"
				icon="image.png"
				class="ckmaximenuwizard_inputbox"
				/>
			<field
				name="k2categoryroot"
				type="ckk2category"
				label="MOD_MAXIMENUCK_K2CATEGORYROOT_LABEL"
				default="0"
				description="MOD_MAXIMENUCK_K2CATEGORYROOT_DESC"
				class="ckmaximenuwizard_inputbox"
			/>

			<field
				name="k2categorydepth"
				type="list"
				label="MOD_MAXIMENUCK_K2CATEGORYDEPTH_LABEL"
				default="0"
				description="MOD_MAXIMENUCK_K2CATEGORYDEPTH_DESC"
				class="ckmaximenuwizard_inputbox"
			>
				<option value="0">JALL</option>
				<option value="1">1</option>
				<option value="2">2</option>
				<option value="3">3</option>
				<option value="4">4</option>
				<option value="5">5</option>
				<option value="6">6</option>
				<option value="7">7</option>
				<option value="8">8</option>
				<option value="9">9</option>
			</field>

			<field
				name="k2showall"
				type="list"
				label="MOD_MAXIMENUCK_K2SHOWALL_LABEL"
				default="1"
				description="MOD_MAXIMENUCK_K2SHOWALL_DESC"
				class="ckmaximenuwizard_inputbox"
			>
				<option value="0">JNO</option>
				<option value="1">JYES</option>
			</field>
		</fieldset>
		<fieldset name="ckmaximenuwizard_menuhikashopoptions">
			<field
				name="hikashopitemid"
				type="sql"
				default="0"
				label="MOD_MAXIMENUCK_HIKASHOPITEMID_LABEL"
				description="MOD_MAXIMENUCK_HIKASHOPITEMID_LABEL"
				query="SELECT id AS value, title AS hikashopitemid FROM #__menu WHERE link='index.php?option=com_hikashop&amp;view=category&amp;layout=listing' AND published=1 ORDER BY title ASC"
				icon="application_form_magnify.png"
				class="ckmaximenuwizard_inputbox" />
			<field
				name="hikashopcategoryroot"
				type="ckhikashopcategory2"
				label="MOD_MAXIMENUCK_HIKASHOPCATEGORYROOT_LABEL"
				default="0"
				description="MOD_MAXIMENUCK_HIKASHOPCATEGORYROOT_DESC"
				class="ckmaximenuwizard_inputbox"
			/>
			<field
				name="usehikashopimages"
				type="list"
				default="0"
				label="MOD_MAXIMENUCK_USEHIKASHOPIMAGES_LABEL"
				description="MOD_MAXIMENUCK_USEHIKASHOPIMAGES_DESC"
				class="ckmaximenuwizard_inputbox"
				icon="images.png">
				<option value="0">JNO</option>
				<option value="1">JYES</option>
			</field>

			<field
				name="usehikashopsuffix"
				type="list"
				default="0"
				label="MOD_MAXIMENUCK_USEHIKASHOPSUFFIX_LABEL"
				class="ckmaximenuwizard_inputbox"
				description="MOD_MAXIMENUCK_USEHIKASHOPSUFFIX_DESC">
				<option value="0">JNO</option>
				<option value="1">JYES</option>
			</field>

			<field
				name="hikashopimagesuffix"
				type="text"
				default="_mini"
				label="MOD_MAXIMENUCK_HIKASHOPIMAGESUFFIX_LABEL"
				description="MOD_MAXIMENUCK_HIKASHOPIMAGESUFFIX_DESC"
				class="ckmaximenuwizard_inputbox"
				icon="image.png" />
			<field
				name="hikashopcategorydepth"
				type="list"
				label="MOD_MAXIMENUCK_HIKASHOPCATEGORYDEPTH_LABEL"
				default="0"
				description="MOD_MAXIMENUCK_HIKASHOPCATEGORYDEPTH_DESC"
				class="ckmaximenuwizard_inputbox"
			>
				<option value="0">JALL</option>
				<option value="1">1</option>
				<option value="2">2</option>
				<option value="3">3</option>
				<option value="4">4</option>
				<option value="5">5</option>
				<option value="6">6</option>
				<option value="7">7</option>
				<option value="8">8</option>
				<option value="9">9</option>
			</field>

			<field
				name="hikashopshowall"
				type="list"
				label="MOD_MAXIMENUCK_HIKASHOPSHOWALL_LABEL"
				default="1"
				description="MOD_MAXIMENUCK_HIKASHOPSHOWALL_DESC"
				class="ckmaximenuwizard_inputbox"
			>
				<option value="0">JNO</option>
				<option value="1">JYES</option>
			</field>
		</fieldset>
		<fieldset name="ckmaximenuwizard_menujoomshoppingoptions">
			<field
				name="joomshoppingitemid"
				type="text"
				label="MOD_MAXIMENUCK_JOOMSHOPPINGITEMID_LABEL"
				default="0"
				description="MOD_MAXIMENUCK_JOOMSHOPPINGITEMID_DESC"
				class="ckmaximenuwizard_inputbox"
			/>
			<field
				name="usejoomshoppingimages"
				type="list"
				default="0"
				label="MOD_MAXIMENUCK_USEJOOMSHOPPINGIMAGES_LABEL"
				description="MOD_MAXIMENUCK_USEJOOMSHOPPINGIMAGES_DESC"
				class="ckmaximenuwizard_inputbox"
				icon="images.png">
				<option value="0">JNO</option>
				<option value="1">JYES</option>
			</field>

			<field
				name="usejoomshoppingsuffix"
				type="list"
				default="0"
				label="MOD_MAXIMENUCK_USEJOOMSHOPPINGSUFFIX_LABEL"
				description="MOD_MAXIMENUCK_USEJOOMSHOPPINGSUFFIX_DESC"
				class="ckmaximenuwizard_inputbox">
				<option value="0">JNO</option>
				<option value="1">JYES</option>
			</field>

			<field
				name="joomshoppingimagesuffix"
				type="text"
				default="_mini"
				label="MOD_MAXIMENUCK_JOOMSHOPPINGIMAGESUFFIX_LABEL"
				description="MOD_MAXIMENUCK_JOOMSHOPPINGIMAGESUFFIX_DESC"
				class="ckmaximenuwizard_inputbox"
				icon="image.png" />
			<field
				name="joomshoppingcategoryroot"
				type="ckjoomshoppingcategory"
				label="MOD_MAXIMENUCK_JOOMSHOPPINGCATEGORYROOT_LABEL"
				default="0"
				description="MOD_MAXIMENUCK_JOOMSHOPPINGCATEGORYROOT_DESC"
				class="ckmaximenuwizard_inputbox"
			/>
			<field
				name="joomshoppingcategorydepth"
				type="list"
				label="MOD_MAXIMENUCK_JOOMSHOPPINGCATEGORYDEPTH_LABEL"
				default="0"
				description="MOD_MAXIMENUCK_JOOMSHOPPINGCATEGORYDEPTH_DESC"
				class="ckmaximenuwizard_inputbox"
			>
				<option value="0">JALL</option>
				<option value="1">1</option>
				<option value="2">2</option>
				<option value="3">3</option>
				<option value="4">4</option>
				<option value="5">5</option>
				<option value="6">6</option>
				<option value="7">7</option>
				<option value="8">8</option>
				<option value="9">9</option>
			</field>
		</fieldset>
		<fieldset name="ckmaximenuwizard_menuvirtuemartoptions">
			<field
				name="usevirtuemartimages"
				type="list"
				default="0"
				label="MOD_MAXIMENUCK_USEVIRTUEMARTIMAGES_LABEL"
				description="MOD_MAXIMENUCK_USEVIRTUEMARTIMAGES_DESC"
				icon="images.png"
				class="ckmaximenuwizard_inputbox"
				>
				<option value="0">JNO</option>
				<option value="1">JYES</option>
			</field>
			<field
				name="usevirtuemartsuffix"
				type="list"
				default="0"
				label="MOD_MAXIMENUCK_USEVIRTUEMARTSUFFIX_LABEL"
				description="MOD_MAXIMENUCK_USEVIRTUEMARTSUFFIX_DESC"
				class="ckmaximenuwizard_inputbox"
				>
				<option value="0">JNO</option>
				<option value="1">JYES</option>
			</field>
			<field
				name="virtuemartimagesuffix"
				type="text"
				default="_mini"
				label="MOD_MAXIMENUCK_VIRTUEMARTIMAGESUFFIX_LABEL"
				description="MOD_MAXIMENUCK_VIRTUEMARTIMAGESUFFIX_DESC"
				class="ckmaximenuwizard_inputbox"
				icon="image.png" />
			<field
				name="virtuemartcategoryroot"
				type="ckvmcategory"
				label="MOD_MAXIMENUCK_VIRTUEMARTCATEGORYROOT_LABEL"
				default="0"
				description="MOD_MAXIMENUCK_VIRTUEMARTCATEGORYROOT_DESC"
				class="ckmaximenuwizard_inputbox"
			/>
			<field
				name="virtuemartcategorydepth"
				type="list"
				label="MOD_MAXIMENUCK_VIRTUEMARTCATEGORYDEPTH_LABEL"
				default="0"
				description="MOD_MAXIMENUCK_VIRTUEMARTCATEGORYDEPTH_DESC"
				class="ckmaximenuwizard_inputbox"
			>
				<option value="0">JALL</option>
				<option value="1">1</option>
				<option value="2">2</option>
				<option value="3">3</option>
				<option value="4">4</option>
				<option value="5">5</option>
				<option value="6">6</option>
				<option value="7">7</option>
				<option value="8">8</option>
				<option value="9">9</option>
			</field>
		</fieldset>
		<fieldset name="ckmaximenuwizard_menuadsmanageroptions">
			<field
				name="useadsmanagerimages"
				type="list"
				class="ckmaximenuwizard_inputbox"
				default="0"
				label="MOD_MAXIMENUCK_USEADSMANAGERIMAGES_LABEL"
				description="MOD_MAXIMENUCK_USEADSMANAGERIMAGES_DESC"
				icon="images.png">
				<option value="0">JNO</option>
				<option value="1">JYES</option>
			</field>
			<field
				name="useadsmanagersuffix"
				type="list"
				class="ckmaximenuwizard_inputbox"
				default="0"
				label="MOD_MAXIMENUCK_USEADSMANAGERSUFFIX_LABEL"
				description="MOD_MAXIMENUCK_USEADSMANAGERSUFFIX_DESC"
				>
				<option value="0">JNO</option>
				<option value="1">JYES</option>
			</field>
			<field
				name="adsmanagerimagesuffix"
				type="text"
				default="_mini"
				label="MOD_MAXIMENUCK_ADSMANAGERIMAGESUFFIX_LABEL"
				description="MOD_MAXIMENUCK_ADSMANAGERIMAGESUFFIX_DESC"
				class="ckmaximenuwizard_inputbox"
				icon="image.png" />
			<field
				name="adsmanagercategoryroot"
				type="ckadsmanagercategory"
				label="MOD_MAXIMENUCK_ADSMANAGERCATEGORYROOT_LABEL"
				default="0"
				description="MOD_MAXIMENUCK_ADSMANAGERCATEGORYROOT_DESC"
				class="ckmaximenuwizard_inputbox"
			/>
			<field
				name="adsmanagercategorydepth"
				type="list"
				label="MOD_MAXIMENUCK_ADSMANAGERCATEGORYDEPTH_LABEL"
				default="0"
				description="MOD_MAXIMENUCK_ADSMANAGERCATEGORYDEPTH_DESC"
				class="ckmaximenuwizard_inputbox"
			>
				<option value="0">JALL</option>
				<option value="1">1</option>
				<option value="2">2</option>
				<option value="3">3</option>
				<option value="4">4</option>
				<option value="5">5</option>
				<option value="6">6</option>
				<option value="7">7</option>
				<option value="8">8</option>
				<option value="9">9</option>
			</field>
			<field
				name="adsmanagershownumberproducts"
				type="list"
				label="MOD_MAXIMENUCK_ADSMANAGERSHOWNUMBERPRODUCTS_LABEL"
				default="0"
				description="MOD_MAXIMENUCK_ADSMANAGERSHOWNUMBERPRODUCTS_DESC"
				class="ckmaximenuwizard_inputbox"
			>
				<option value="1">JYES</option>
				<option value="0">JNO</option>
			</field>
		</fieldset>
		<fieldset name="ckmaximenuwizard_effectoptions">
			<field
				name="stopdropdownlevel"
				type="cklist"
				label="MOD_MAXIMENUCK_STOPDROPDOWNLEVEL_LABEL"
				description="MOD_MAXIMENUCK_STOPDROPDOWNLEVEL_DESC"
				default="0"
				class="ckmaximenuwizard_inputbox"
				icon="text_list_numbers.png" >
				<option value="0">JNO</option>
				<option value="2">MOD_MAXIMENUCK_LEVEL2</option>
				<option value="3">MOD_MAXIMENUCK_LEVEL3</option>
				<option value="4">MOD_MAXIMENUCK_LEVEL4</option>
				<option value="5">MOD_MAXIMENUCK_LEVEL5</option>
			</field>
			<field
				name="behavior"
				type="cklist"
				default="mouseover"
				label="MOD_MAXIMENUCK_STYLE_LABEL"
				description="MOD_MAXIMENUCK_STYLE_DESC"
				icon="mouse.png"
				class="ckmaximenuwizard_inputbox"
			>
				<option value="mouseover">MOD_MAXIMENUCK_MOOMENU</option>
				<option value="click">MOD_MAXIMENUCK_CLICK</option>
				<option value="clickclose">MOD_MAXIMENUCK_CLOSECLICK</option>
			</field>

			<field
				name="opentype"
				type="cklist"
				default="open"
				label="MOD_MAXIMENUCK_OPENTYPE_LABEL"
				description="MOD_MAXIMENUCK_OPENTYPE_DESC"
				icon="door_open.png"
				class="ckmaximenuwizard_inputbox"
			>
				<option value="noeffect">MOD_MAXIMENUCK_NOEFFECT</option>
				<option value="open">MOD_MAXIMENUCK_OPEN</option>
				<option value="slide">MOD_MAXIMENUCK_SLIDE</option>
				<option value="show">MOD_MAXIMENUCK_SHOW</option>
				<option value="fade">MOD_MAXIMENUCK_FADE</option>
				<option value="scale">MOD_MAXIMENUCK_SCALE</option>
				<option value="puff">MOD_MAXIMENUCK_PUFF</option>
				<option value="drop">MOD_MAXIMENUCK_DROP</option>
			</field>

			<field
				name="fxduration"
				type="cktext"
				default="500"
				label="MOD_MAXIMENUCK_MOODUREE_LABEL"
				description="MOD_MAXIMENUCK_MOODUREE_DESC"
				icon="hourglass.png"
				class="ckmaximenuwizard_inputbox"
				suffix="ms" />

			<field
				name="fxtransition"
				type="cklist"
				default="linear"
				label="MOD_MAXIMENUCK_TRANSITION_LABEL"
				description="MOD_MAXIMENUCK_TRANSITION_DESC"
				class="ckmaximenuwizard_inputbox"
				icon="chart_curve.png">
				<option value="linear">Linear</option>
				<option value="jswing">jswing</option>
				<option value="easeInQuad">easeInQuad</option>
				<option value="easeOutQuad">easeOutQuad</option>
				<option value="easeInOutQuad">easeInOutQuad</option>
				<option value="easeInCubic">easeInCubic</option>
				<option value="easeOutCubic">easeOutCubic</option>
				<option value="easeInOutCubic">easeInOutCubic</option>
				<option value="easeInQuart">easeInQuart</option>
				<option value="easeOutQuart">easeOutQuart</option>
				<option value="easeInOutQuart">easeInOutQuart</option>
				<option value="easeInSine">easeInSine</option>
				<option value="easeOutSine">easeOutSine</option>
				<option value="easeInOutSine">easeInOutSine</option>
				<option value="easeInExpo">easeInExpo</option>
				<option value="easeOutExpo">easeOutExpo</option>
				<option value="easeInOutExpo">easeInOutExpo</option>
				<option value="easeInQuint">easeInQuint</option>
				<option value="easeOutQuint">easeOutQuint</option>
				<option value="easeInOutQuint">easeInOutQuint</option>
				<option value="easeInCirc">easeInCirc</option>
				<option value="easeOutCirc">easeOutCirc</option>
				<option value="easeInOutCirc">easeInOutCirc</option>
				<option value="easeInElastic">easeInElastic</option>
				<option value="easeOutElastic">easeOutElastic</option>
				<option value="easeInOutElastic">easeInOutElastic</option>
				<option value="easeInBack">easeInBack</option>
				<option value="easeOutBack">easeOutBack</option>
				<option value="easeInOutBack">easeInOutBack</option>
				<option value="easeInBounce">easeInBounce</option>
				<option value="easeOutBounce">easeOutBounce</option>
				<option value="easeInOutBounce">easeInOutBounce</option>
			</field>

			<field
				name="dureein"
				type="cktext"
				default="0"
				label="MOD_MAXIMENUCK_DUREEIN_LABEL"
				description="MOD_MAXIMENUCK_DUREEIN_DESC"
				icon="hourglass.png"
				class="ckmaximenuwizard_inputbox"
				suffix="ms" />
			<field
				name="dureeout"
				type="cktext"
				default="500"
				label="MOD_MAXIMENUCK_DUREEOUT_LABEL"
				description="MOD_MAXIMENUCK_DUREEOUT_DESC"
				icon="hourglass.png"
				class="ckmaximenuwizard_inputbox"
				suffix="ms" />
		</fieldset>
		<fieldset name="ckmaximenuwizard_stylesoptions">
			<field
				name="theme"
				type="ckthemeslist"
				directory="modules/mod_maximenuck/themes"
				hide_default="true"
				default="mega9"
				label="MOD_MAXIMENUCK_THEME_LABEL"
				description="MOD_MAXIMENUCK_THEME_DESC"
				exclude="custom"
				class="ckmaximenuwizard_inputbox"
				icon="photo.png" />
			<field
				name="orientation"
				type="cklist"
				default="horizontal"
				label="MOD_MAXIMENUCK_ORIENTATION_LABEL"
				description="MOD_MAXIMENUCK_ORIENTATION_DESC"
				icon="shape_rotate_clockwise.png"
				class="ckmaximenuwizard_inputbox"
			>
				<option value="horizontal">Horizontal</option>
				<option value="vertical">Vertical</option>
			</field>
		</fieldset>
		<fieldset name="ckmaximenuwizard_mobileoptions">
			<field
				name="mobilemenuck_enable"
				type="cklist"
				default="0"
				label="PLG_MOBILEMENUCK_ENABLE_LABEL"
				description="PLG_MOBILEMENUCK_ENABLE_DESC"
				class="ckmaximenuwizard_inputbox"
			>
				<option value="0">JNO</option>
				<option value="1">JYES</option>
			</field>
			<field
				name="mobilemenuck_resolution"
				type="cktext"
				label="PLG_MOBILEMENUCK_MOBILERESOLUTION_LABEL"
				description="PLG_MOBILEMENUCK_MOBILERESOLUTION_DESC"
				icon="width.png"
				suffix="px"
				default="640"
				class="ckmaximenuwizard_inputbox"
			/>
			<field
				name="mobilemenuck_container"
				type="cklist"
				default="menucontainer"
				label="PLG_MOBILEMENUCK_CONTAINER_LABEL"
				description="PLG_MOBILEMENUCK_CONTAINER_DESC"
				icon="application_side_list.png"
				class="ckmaximenuwizard_inputbox"
			>
				<option value="body">PLG_MOBILEMENUCK_BODY</option>
				<option value="menucontainer">PLG_MOBILEMENUCK_MENUCONTAINER</option>
				<option value="topfixed">PLG_MOBILEMENUCK_TOPFIXED</option>
			</field>
			<field
				name="mobilemenuck_displaytype"
				type="cklist"
				default="flat"
				label="PLG_MOBILEMENUCK_DISPLAYTYPE_LABEL"
				description="PLG_MOBILEMENUCK_DISPLAYTYPE_DESC"
				icon="application_view_list.png"
				class="ckmaximenuwizard_inputbox"
			>
				<option value="flat">PLG_MOBILEMENUCK_FLAT</option>
				<option value="accordion">PLG_MOBILEMENUCK_ACCORDION</option>
				<option value="fade">PLG_MOBILEMENUCK_FADELEVELS</option>
				<option value="push">PLG_MOBILEMENUCK_PUSHLEVELS</option>
			</field>
			<field
				name="mobilemenuck_useimages"
				type="cklist"
				default="0"
				label="PLG_MOBILEMENUCK_MOBILEUSEIMAGE_LABEL"
				description="PLG_MOBILEMENUCK_MOBILEUSEIMAGE_DESC"
				class="ckmaximenuwizard_inputbox"
				icon="application_view_gallery.png"
			>
				<option value="0">JNO</option>
				<option value="1">JYES</option>
			</field>
			<field
				name="mobilemenuck_usemodules"
				type="cklist"
				default="0"
				label="PLG_MOBILEMENUCK_MOBILEUSEMODULE_LABEL"
				description="PLG_MOBILEMENUCK_MOBILEUSEMODULE_DESC"
				class="ckmaximenuwizard_inputbox"
				icon="application_form.png"
			>
				<option value="0">JNO</option>
				<option value="1">JYES</option>
			</field>
			<field
				name="mobilemenuck_showdesc"
				type="cklist"
				default="0"
				label="PLG_MOBILEMENUCK_SHOWDESC_LABEL"
				description="PLG_MOBILEMENUCK_SHOWDESC_DESC"
				class="ckmaximenuwizard_inputbox"
				icon="application_view_list.png"
			>
				<option value="0">JNO</option>
				<option value="1">JYES</option>
			</field>
			<field
				name="mobilemenuck_showlogo"
				type="cklist"
				default="1"
				label="PLG_MOBILEMENUCK_SHOWLOGO_LABEL"
				description="PLG_MOBILEMENUCK_SHOWLOGO_DESC"
				icon="image.png"
				class="ckmaximenuwizard_inputbox"
			>
				<option value="0">JNO</option>
				<option value="1">PLG_MOBILEMENUCK_SHOWLOGO_MOBILE</option>
				<option value="2">PLG_MOBILEMENUCK_SHOWLOGO_MENUBAR</option>
				<option value="3">PLG_MOBILEMENUCK_SHOWLOGO_TOPBAR</option>
			</field>
		</fieldset>
	</fields>
</form>