<?xml version="1.0" encoding="utf-8" ?>
<access component="com_komento">
	<section name="component">
		<action name="core.manage" title="JACTION_MANAGE" description="JACTION_MANAGE_COMPONENT_DESC" />
		<action name="komento.manage.comments" title="COM_KOMENTO_JACL_MANAGE_COMMENTS" description="COM_KOMENTO_JACL_MANAGE_COMMENTS_DESC" />
		<action name="komento.manage.pendings" title="COM_KOMENTO_JACL_MANAGE_PENDINGS" description="COM_KOMENTO_JACL_MANAGE_PENDINGS_DESC" />
		<action name="komento.manage.reports" title="COM_KOMENTO_JACL_MANAGE_REPORTS" description="COM_KOMENTO_JACL_MANAGE_REPORTS_DESC" />
		<action name="komento.manage.spamlist" title="COM_KOMENTO_JACL_MANAGE_SPAMLIST" description="COM_KOMENTO_JACL_MANAGE_SPAMLIST_DESC" />
		<action name="komento.manage.subscribers" title="COM_KOMENTO_JACL_MANAGE_SUBSCRIBERS" description="COM_KOMENTO_JACL_MANAGE_SUBSCRIBERS_DESC" />
		<action name="komento.manage.languages" title="COM_KT_JACL_MANAGE_LANGUAGES" description="COM_KT_JACL_MANAGE_LANGUAGES_DESC" />
		<action name="komento.manage.integrations" title="COM_KOMENTO_JACL_MANAGE_INTEGRATIONS" description="COM_KOMENTO_JACL_MANAGE_INTEGRATION_DESC" />
		<action name="komento.manage.settings" title="COM_KOMENTO_JACL_MANAGE_SETTINGS" description="COM_KOMENTO_JACL_MANAGE_SETTINGS_DESC" />
		<action name="komento.manage.acl" title="COM_KOMENTO_JACL_MANAGE_ACL" description="COM_KOMENTO_JACL_MANAGE_ACL_DESC" />
		<action name="komento.manage.migrators" title="COM_KOMENTO_JACL_MANAGE_MIGRATORS" description="COM_KOMENTO_JACL_MANAGE_MIGRATORS_DESC" />
		<action name="komento.manage.mailq" title="COM_KOMENTO_JACL_MANAGE_MAILQ" description="COM_KOMENTO_JACL_MANAGE_MAILQ_DESC" />
		<action name="komento.manage.users" title="COM_KT_JACL_MANAGE_USERS" description="COM_KT_JACL_MANAGE_USERS_DESC" />
		<action name="komento.manage.download" title="COM_KT_JACL_MANAGE_DOWNLOAD" description="COM_KT_JACL_MANAGE_DOWNLOAD_DESC" />
	</section>
</access>
